FIRST_NAME,LAST_NAME,CUSTOMER_ID,PRIVACY
Alvin,Luster,256,false
Anthony,Starks,255,false
Bess,Martinez,254,false
Brandon,Quezada,253,false
Morton,Pedersen,252,false
Dottie,Bradbury,251,true
Monica,Burkhart,250,false
Kim,English,249,false
Olen,Simon,248,false
Lavon,Cosby,247,false
Waneta,Bumgarner,246,false
Mafalda,Knudson,245,false
Crystle,Clayton,244,false
Terri,Mcgee,243,false
Ivana,Tom,242,false
Janey,Truong,241,false
Annette,Bartlett,240,false
Sol,Watt,239,false
Lyndsay,Winfrey,238,false
Adina,Dickens,237,false
Essie,Gracia,236,true
Cassandra,Nava,235,true
Holley,Underhill,234,true
Gertha,Linder,233,false
Olympia,Bostic,232,false
Elanor,Nunez,231,false
Shery,Harrell,230,false
Kyle,Libby,229,false
Brenton,Metzger,228,false
Shandi,Pollack,227,false
Shirely,Mattison,226,false
Angela,Fullerton,225,false
Margene,Sandoval,224,true
Nicola,Chow,223,false
Carmel,Shumate,222,true
Brynn,Peeples,221,false
Jill,Urban,220,false
Michaele,Levesque,219,false
Angelena,Poston,218,true
Sommer,Aquino,217,true
Queen,Chung,216,false
Lynell,Hutto,215,false
Kacy,Shepard,214,false
Paul,Wagner,213,false
Harrison,Stover,212,false
Lesia,Story,211,false
Shalonda,Barrows,210,false
Chi,Arnett,209,false
Arnette,Hester,208,true
Sparkle,Tompkins,207,false
Margurite,Rhoades,206,false
Juliette,Whiting,205,true
Cyrstal,Bunn,204,false
Reina,Washington,203,true
Marisol,Peralta,202,false
Vilma,Towns,201,true
Tona,Decker,200,false
Clementina,Rubin,199,false
Adelaida,Herzog,198,false
Nga,Bradley,197,false
Leonora,Owen,196,true
Nicola,Conroy,195,false
Carolyne,Maki,194,false
Lynn,Pettis,193,false
Josephine,Pineda,192,true
Jamila,Bach,191,false
Timothy,Tilley,190,false
Frederica,Weis,189,false
Isaiah,Plunkett,188,false
Sherlyn,Riggins,187,false
Jeannetta,Phipps,186,false
Huey,Krause,185,true
Georgina,Large,184,false
Doyle,Colson,183,false
Kenneth,Suggs,182,false
Basilia,East,181,false
Stefani,Stuckey,180,false
Shanice,Dangelo,179,true
Camelia,Metzger,178,true
Son,Wiley,177,false
Victor,Boggs,176,false
Clarence,Hutson,175,false
Su,Rosenberg,174,true
Arminda,Belton,173,false
Desiree,Jarrett,172,false
Huong,Martino,171,false
Albert,Abney,170,false
Lanelle,Naquin,169,false
Jestine,Rosario,168,false
Anibal,Lovejoy,167,false
Conrad,Weeks,166,false
Ginger,Perron,165,true
Cole,Donald,164,false
Amie,Barbee,163,false
Yan,Shipp,162,true
Hsiu,Wilkerson,161,false
Michale,Sager,160,false
Magaly,Couch,159,false
Agripina,Rios,158,false
Tommie,Lam,157,false
Trisha,Batts,156,false
Monet,Slater,155,false
Therese,Lester,154,false
Debrah,Hanks,153,false
Allyn,Durbin,152,false
Lilia,Flemming,151,false
Kristal,Victor,150,false
Azzie,Shultz,149,false
Jamey,Barnes,148,false
Ursula,Lewandowski,147,false
Asuncion,Stiles,146,true
Danilo,Mccauley,145,false
Terica,Stock,144,false
Lon,Livingston,143,false
Gita,Harding,142,false
Francis,Holcomb,141,false
Marcie,Bordelon,140,false
Mason,Bills,139,false
Sandy,Krueger,138,false
Nola,Acuna,137,false
Aleen,Pressley,136,false
Patrice,Rico,135,false
Lady,Hoppe,134,true
Darcey,Rinehart,133,false
Fred,Crouch,132,false
Georgine,Moon,131,false
Rosalia,Weis,130,false
Toya,Boynton,129,false
Kendall,Grady,128,false
Nu,Buchanan,127,false
Natisha,Trudeau,126,false
Margorie,Gavin,125,false
Clarice,Hurtado,124,false
Gary,Atwell,123,false
Cyndy,Ames,122,false
Belen,Shaver,121,false
Laurene,Carlos,120,false
Felecia,Hay,119,false
Cristie,Washburn,118,true
Jeannetta,Moya,117,false
Jimmie,Kidd,116,true
Teisha,Mccabe,115,true
Donn,Alaniz,114,false
Kiyoko,Salgado,113,false
Keisha,Boothe,112,true
Megan,Duarte,111,false
Ming,Marrero,110,false
Karissa,Link,109,true
Jeane,Smalley,108,false
Ronald,Hutchings,107,false
Cammy,Bullock,106,true
Luciana,Marrero,105,true
Barbra,Humphreys,104,false
Daren,Crawley,103,true
Stephan,Moseley,102,false
Erik,Kimball,101,false
Daisey,Ho,100,false
Honey,Mitchell,99,true
Tracie,Marrero,98,false
Kelvin,Macklin,97,false
Suzi,Irizarry,96,true
Gabriel,Pfeiffer,95,true
Jamar,Slagle,94,true
Stephenie,Calhoun,93,false
Omega,Cable,92,true
Emelia,Rhoades,91,true
Keenan,Duckworth,90,true
Jann,Broussard,89,true
Linette,Banuelos,88,false
Zenobia,Hooker,87,false
Vania,Burr,86,false
Valeri,Devlin,85,false
Kassie,Coulter,84,false
Sung,Houston,83,false
Kareem,Calvin,82,false
Yevette,Pendergrass,81,true
Blake,Amaya,80,false
Isa,Cornish,79,false
Librada,Ackerman,78,false
Horacio,Noland,77,false
Monnie,Coats,76,false
Della,Neely,75,false
Keena,Contreras,74,false
Aurelia,Branson,73,false
Cassandra,Wagoner,72,false
Mickey,Rollins,71,true
Marguerita,Smyth,70,false
Eldridge,Justice,69,false
Garret,Fahey,68,false
Joanna,Mares,67,false
Anisha,Boling,66,false
Frank,Carey,65,true
Lucienne,Munoz,64,false
Caroll,Hannon,63,true
Ranae,Murillo,62,false
Gracie,Dorsey,61,true
Tenisha,Crocker,60,true
Virgina,Pepper,59,true
Tobi,Bible,58,false
Gregory,Yount,57,false
Shan,Molina,56,false
Jude,Presley,55,false
Augustus,Bowden,54,true
Ernie,Brumfield,53,true
Bradly,Roland,52,true
Kary,Delacruz,51,false
Wanetta,Macon,50,false
Jeanice,Jolly,49,true
Venetta,Devries,48,false
Wilbur,Moran,47,false
Ingrid,Neville,46,true
Tamala,Fortier,45,false
Lolita,Lujan,44,true
Angelo,Sargent,43,false
Angle,Macdonald,42,false
Casandra,Dennison,41,false
Shawnta,Krueger,40,false
Genny,Shephard,39,false
Theron,Drake,38,false
Melinda,Lafleur,37,false
Leone,Horsley,36,false
Kylie,Bivens,35,false
Tameka,Mathews,34,false
Kathern,Lau,33,false
Alanna,Arriaga,32,false
Bebe,Nutt,31,false
Gisele,Connelly,30,false
Mac,Tillery,29,false
George,Hardison,28,true
Rasheeda,Waldrop,27,false
Gerry,Otoole,26,false
Toby,Hager,25,false
Terisa,Whittle,24,false
Zofia,Thao,23,false
Yolonda,Coley,22,false
Buck,Lear,21,false
Rosalinda,Muse,20,false
Davina,March,19,true
Regan,Duran,18,false
Miyoko,Underhill,17,true
Chad,Schweitzer,16,false
Berenice,Larkin,15,false
Louise,Dempsey,14,false
Colleen,Huffman,13,true
Mirta,Penny,12,false
Joye,Kidwell,11,true
America,Langlois,10,false
Brigid,Pederson,9,false
Lacresha,Britton,8,true
Garret,Stroud,7,true
Lieselotte,Bullock,6,false
Ayako,Mendenhall,5,false
Harriet,Moore,4,false
Daniel,Marcum,3,true
Omar,Hirsch,2,true
Marylou,Langley,1,false
